<?xml version="1.0" encoding="UTF-8" ?>
<!DOCTYPE mapper PUBLIC "-//mybatis.org//DTD Mapper 3.0//EN"
        "http://mybatis.org/dtd/mybatis-3-mapper.dtd">
<mapper namespace="priv.cuilu.oa.dao.EmployeeDao">
    <resultMap id="employee" type="priv.cuilu.oa.entity.Employee">
        <id property="emp_id" column="emp_id" javaType="String"/>
        <result property="emp_pwd" column="emp_pwd" javaType="String"/>
        <result property="emp_name" column="emp_name" javaType="String"/>
        <result property="dep_id" column="dep_id" javaType="String"/>
        <result property="emp_position" column="emp_position" javaType="String"/>
        <association property="department" column="dep_id"  javaType="Department">
            <id property="sn" column="sn" javaType="String"/>
            <result property="name" column="name" javaType="String"/>
        </association>
    </resultMap>

    <insert id="insert" parameterType="Employee">
        insert into employee values(#{emp_id},#{emp_pwd},#{emp_name},#{dep_id},#{emp_position})
    </insert>

    <update id="update" parameterType="Employee">
        update employee set emp_name=#{emp_name},emp_pwd=#{emp_pwd},dep_id=#{dep_id},emp_position=#{emp_position} where emp_id=#{emp_id}
    </update>

    <delete id="delete" parameterType="String" >
        delete from employee where emp_id=#{emp_id}
    </delete>

    <select id="select" parameterType="String" resultMap="employee">
        select e.*,d.sn,d.name from employee e left join department d
        on d.sn = e.dep_id
        where e.dep_id = #{sn}
    </select>

    <select id="getAll"  resultMap="employee">
        select e.*,d.sn,d.name from employee e left join department d
        on d.sn = e.dep_id
    </select>

    <select id="selectByDepartmentAndPost" parameterType="String" resultMap="employee">
          select e.*,d.sn,d.name from employee e left join department d
        on d.sn = e.dep_id
    </select>

</mapper>