<?xml version="1.0" encoding="UTF-8" ?>
<!DOCTYPE mapper PUBLIC "-//mybatis.org//DTD Mapper 3.0//EN"
        "http://mybatis.org/dtd/mybatis-3-mapper.dtd">
<mapper namespace="priv.rulan.oa.dao.FlightDao">

    <resultMap id="flight" type="priv.rulan.oa.entity.FlightByTravel">
      <id property="id" column="id" javaType="Integer"/>
        <result property="start_date" column="start_date" javaType="java.util.Date"/>
        <result property="back_date" column="back_date" javaType="java.util.Date"/>
        <result property="start_place" column="start_place" javaType="String"/>
        <result property="arrive_place" column="arrive_place" javaType="String"/>
        <result property="canContain" column="canContain" javaType="Integer"/>
        <result property="flight_name" column="flight_name" javaType="String"/>
        <result property="flightLevel" column="flightLevel" javaType="String"/>
    </resultMap>

    <insert id="insert"  parameterType="Integer">
        insert into flight(start_date,back_date,start_place,arrive_place,canContain,flight_name,flightLevel)
        values(#{start_date},#{back_date},#{start_place},#{arrive_place},#{canContain},#{flight_name},#{flightLevel})
    </insert>

    <update id="update" parameterType="Integer">
        update flight set start_date=#{start_date},back_date=#{back_date},start_place=#{start_place},flightLevel=#{flightLevel}
        ,arrive_place=#{arrive_place},canContain=#{canContain},flight_name=#{flight_name}
    </update>

    <delete id="delete" parameterType="Integer">
        delete from flight where id = #{id};
    </delete>

    <select id="select" parameterType="Date" resultMap="flight">
        select * from flight where start_date &gt; #{startDate} and back_date &lt;= #{backDate}
    </select>


</mapper>