<?xml version="1.0" encoding="UTF-8"?>
<beans xmlns="http://www.springframework.org/schema/beans"
       xmlns:xsi="http://www.w3.org/2001/XMLSchema-instance"
       xmlns:context="http://www.springframework.org/schema/context"
       xmlns:mvc="http://www.springframework.org/schema/mvc"
       xsi:schemaLocation="http://www.springframework.org/schema/beans
    http://www.springframework.org/schema/beans/spring-beans.xsd
    http://www.springframework.org/schema/context
    http://www.springframework.org/schema/context/spring-context.xsd
     http://www.springframework.org/schema/mvc
     http://www.springframework.org/schema/mvc/spring-mvc.xsd">

    <!--配置拦截器    -->
    <mvc:interceptors>
        <mvc:interceptor>
            <mvc:mapping path="/**"/>
            <bean class="priv.rulan.oa.global.LoginInterceptor"/>
        </mvc:interceptor>
    </mvc:interceptors>


    <!--200*1024*1024即200M resolveLazily属性启用是为了推迟文件解析，以便捕获文件大小异常 -->


    <!--导入事务依赖    -->
    <import resource="Spring~biz.xml"/>

    <mvc:annotation-driven />
    <!--开启扫描    -->
    <context:component-scan base-package="priv.rulan.oa.controller"/>

    <!--静态资源处理器    -->
    <mvc:default-servlet-handler/>


    <!-- 配置视图转换器   -->
    <bean class="org.springframework.web.servlet.view.InternalResourceViewResolver">
<!--        <property name="viewClass" value="org.springframework.web.servlet.view.JstlView"/>-->
        <property name="prefix" value="/WEB-INF/pages/"/>
        <property name="suffix" value=".jsp"/>
     </bean>

    <!--上传文件所需要的Bean-->
    <bean id="multipartResolver" class="org.springframework.web.multipart.commons.CommonsMultipartResolver">

        <property name="maxUploadSize" value="209715200" />

        <property name="defaultEncoding" value="UTF-8" />

        <property name="resolveLazily" value="true" />

    </bean>

</beans>