<?xml version="1.0" encoding="UTF-8"?>
<beans xmlns="http://www.springframework.org/schema/beans"
       xmlns:xsi="http://www.w3.org/2001/XMLSchema-instance"
       xmlns:context="http://www.springframework.org/schema/context"
       xmlns:aop="http://www.springframework.org/schema/aop"
       xmlns:tx="http://www.springframework.org/schema/tx"
       xsi:schemaLocation="http://www.springframework.org/schema/beans
    http://www.springframework.org/schema/beans/spring-beans.xsd
    http://www.springframework.org/schema/context
    http://www.springframework.org/schema/context/spring-context.xsd
    http://www.springframework.org/schema/aop
    http://www.springframework.org/schema/aop/spring-aop.xsd
    http://www.springframework.org/schema/tx
    http://www.springframework.org/schema/tx/spring-tx.xsd">


        <!--关联dao层配置    -->
    <import resource="Spring~dao.xml"/>
        <!--开启注解扫描    -->
    <context:component-scan base-package="priv.rulan.biz"/>
        <!--开启切面自动代理    -->
        <aop:aspectj-autoproxy/>

        <!--配置jdbc数据源事务管理器    -->
    <bean id="transactionManager" class="org.springframework.jdbc.datasource.DataSourceTransactionManager">
        <property name="dataSource" ref="dataSource"/>
    </bean>

    <!--声明通知    -->
    <tx:advice id="txAdvice" transaction-manager="transactionManager">
        <tx:attributes>
            <tx:method name="get*" read-only="true"/>
            <tx:method name="find*" read-only="true"/>
            <tx:method name="search*" read-only="true"/>
            <tx:method name="*" propagation="REQUIRED"/>
        </tx:attributes>
    </tx:advice>

    <!--声明切入点-->
    <aop:config>
        <!--配置切入点    具体监听那些方法    -->
        <aop:pointcut id="txpc" expression="execution(* priv.jirulan.biz.*.*(..))"/>
        <!--将切入点与通知关联        -->
        <aop:advisor advice-ref="txAdvice" pointcut-ref="txpc"/>
    </aop:config>


    
</beans>